epoch,step,val_acc,val_loss
0,2,0.23333333432674408,1.8467679023742676
1,5,0.5333333611488342,1.6094131469726562
2,8,0.7000000476837158,1.3963468074798584
